symbol,timestamp,open,high,low,close,volume,trade_count,vwap
AAPL,2024-07-01 08:00:00+00:00,211.89,211.89,211.7,211.84,2488.0,168.0,211.801805
AAPL,2024-07-01 08:01:00+00:00,211.68,211.68,211.68,211.68,800.0,44.0,211.68
AAPL,2024-07-01 08:02:00+00:00,211.78,211.83,211.78,211.83,1587.0,37.0,211.793333
AAPL,2024-07-01 08:03:00+00:00,211.83,211.88,211.79,211.79,4499.0,51.0,211.80494
AAPL,2024-07-01 08:04:00+00:00,211.71,211.71,211.71,211.71,1677.0,68.0,211.71
AAPL,2024-07-01 08:07:00+00:00,211.7,211.7,211.59,211.59,834.0,22.0,211.631373
AAPL,2024-07-01 08:09:00+00:00,211.73,211.73,211.73,211.73,754.0,22.0,211.73
AAPL,2024-07-01 08:11:00+00:00,211.71,211.71,211.71,211.71,493.0,15.0,211.71
AAPL,2024-07-01 08:15:00+00:00,211.7,211.7,211.7,211.7,399.0,2.0,211.7
AAPL,2024-07-01 08:19:00+00:00,211.79,211.79,211.79,211.79,744.0,28.0,211.79
AAPL,2024-07-01 08:22:00+00:00,211.75,211.75,211.75,211.75,248.0,6.0,211.75
AAPL,2024-07-01 08:29:00+00:00,211.8,211.8,211.8,211.8,286.0,9.0,211.8
AAPL,2024-07-01 08:34:00+00:00,211.81,211.81,211.81,211.81,483.0,12.0,211.81
AAPL,2024-07-01 08:35:00+00:00,211.82,211.82,211.75,211.75,1108.0,36.0,211.788251
AAPL,2024-07-01 08:36:00+00:00,211.7,211.7,211.7,211.7,1654.0,30.0,211.7
AAPL,2024-07-01 08:37:00+00:00,211.71,211.71,211.7,211.7,2232.0,31.0,211.701277
AAPL,2024-07-01 08:39:00+00:00,211.76,211.76,211.48,211.48,3003.0,122.0,211.568
AAPL,2024-07-01 08:40:00+00:00,211.35,211.35,211.35,211.35,1913.0,43.0,211.35
AAPL,2024-07-01 08:41:00+00:00,211.25,211.25,211.25,211.25,1219.0,32.0,211.25
AAPL,2024-07-01 08:42:00+00:00,211.08,211.08,211.08,211.08,3164.0,62.0,211.08
AAPL,2024-07-01 08:43:00+00:00,211.3,211.3,211.3,211.3,436.0,12.0,211.3
AAPL,2024-07-01 08:44:00+00:00,211.3,211.3,211.3,211.3,663.0,16.0,211.3
AAPL,2024-07-01 08:45:00+00:00,211.3,211.3,211.19,211.19,2935.0,43.0,211.263941
AAPL,2024-07-01 08:46:00+00:00,211.4,211.4,211.4,211.4,386.0,5.0,211.4
AAPL,2024-07-01 08:47:00+00:00,211.31,211.4,211.31,211.4,374.0,9.0,211.366038
AAPL,2024-07-01 08:49:00+00:00,211.28,211.28,211.28,211.28,1667.0,40.0,211.28
AAPL,2024-07-01 08:51:00+00:00,211.2,211.2,211.2,211.2,785.0,12.0,211.2
AAPL,2024-07-01 08:52:00+00:00,211.39,211.39,211.39,211.39,755.0,18.0,211.39
AAPL,2024-07-01 08:54:00+00:00,211.24,211.24,211.24,211.24,2885.0,75.0,211.24
AAPL,2024-07-01 08:55:00+00:00,211.23,211.23,211.14,211.14,3855.0,54.0,211.182811
AAPL,2024-07-01 08:57:00+00:00,211.15,211.15,211.04,211.11,7549.0,159.0,211.094345
AAPL,2024-07-01 08:59:00+00:00,211.13,211.13,211.09,211.09,1938.0,33.0,211.124264
AAPL,2024-07-01 09:00:00+00:00,211.09,211.09,211.01,211.01,8791.0,101.0,211.049781
AAPL,2024-07-01 09:01:00+00:00,211.09,211.09,211.0,211.0,1266.0,17.0,211.077772
AAPL,2024-07-01 09:03:00+00:00,211.0,211.0,210.98,210.98,1180.0,47.0,210.99708
AAPL,2024-07-01 09:07:00+00:00,210.8,210.8,210.8,210.8,770.0,42.0,210.8
AAPL,2024-07-01 09:10:00+00:00,210.68,210.68,210.63,210.63,836.0,39.0,210.647846
AAPL,2024-07-01 09:11:00+00:00,210.62,210.62,210.5,210.5,1693.0,344.0,210.532877
AAPL,2024-07-01 09:12:00+00:00,210.51,210.51,210.51,210.51,325.0,24.0,210.51
AAPL,2024-07-01 09:13:00+00:00,210.5,210.5,210.5,210.5,1029.0,38.0,210.5
AAPL,2024-07-01 09:15:00+00:00,210.56,210.56,210.56,210.56,905.0,31.0,210.56
AAPL,2024-07-01 09:16:00+00:00,210.71,210.74,210.71,210.74,3783.0,662.0,210.724879
AAPL,2024-07-01 09:18:00+00:00,210.99,210.99,210.99,210.99,556.0,23.0,210.99
AAPL,2024-07-01 09:19:00+00:00,210.99,210.99,210.99,210.99,516.0,17.0,210.99
AAPL,2024-07-01 09:27:00+00:00,210.9,210.9,210.87,210.87,926.0,39.0,210.891429
AAPL,2024-07-01 09:28:00+00:00,210.81,210.81,210.81,210.81,1451.0,27.0,210.81
AAPL,2024-07-01 09:29:00+00:00,210.81,210.81,210.8,210.81,1953.0,44.0,210.80689
AAPL,2024-07-01 09:30:00+00:00,210.71,210.71,210.63,210.63,2523.0,51.0,210.648847
AAPL,2024-07-01 09:35:00+00:00,210.82,210.82,210.82,210.82,507.0,5.0,210.82
AAPL,2024-07-01 09:36:00+00:00,210.95,210.99,210.95,210.99,2042.0,20.0,210.981636
AAPL,2024-07-01 09:38:00+00:00,211.07,211.07,211.07,211.07,225.0,12.0,211.07
AAPL,2024-07-01 09:43:00+00:00,211.39,211.39,211.39,211.39,1720.0,52.0,211.39
AAPL,2024-07-01 09:47:00+00:00,211.02,211.02,210.99,210.99,1939.0,48.0,211.003804
AAPL,2024-07-01 09:52:00+00:00,211.0,211.0,210.99,210.99,1417.0,49.0,210.996667
AAPL,2024-07-01 10:00:00+00:00,211.19,211.19,211.19,211.19,1535.0,32.0,211.19
AAPL,2024-07-01 10:04:00+00:00,211.27,211.27,211.27,211.27,1426.0,20.0,211.27
AAPL,2024-07-01 10:06:00+00:00,211.34,211.34,211.34,211.34,401.0,21.0,211.34
AAPL,2024-07-01 10:07:00+00:00,211.4,211.4,211.4,211.4,133.0,5.0,211.4
AAPL,2024-07-01 10:09:00+00:00,211.4,211.5,211.4,211.5,1186.0,41.0,211.452413
AAPL,2024-07-01 10:10:00+00:00,211.51,211.51,211.51,211.51,167.0,11.0,211.51
AAPL,2024-07-01 10:17:00+00:00,211.4,211.4,211.4,211.4,320.0,9.0,211.4
AAPL,2024-07-01 10:24:00+00:00,211.3,211.3,211.3,211.3,616.0,21.0,211.3
AAPL,2024-07-01 10:31:00+00:00,211.3,211.3,211.3,211.3,270.0,7.0,211.3
AAPL,2024-07-01 10:35:00+00:00,211.3,211.3,211.3,211.3,137.0,4.0,211.3
AAPL,2024-07-01 10:42:00+00:00,211.3,211.3,211.3,211.3,826.0,42.0,211.3
AAPL,2024-07-01 10:47:00+00:00,211.37,211.37,211.3,211.3,850.0,13.0,211.320774
AAPL,2024-07-01 10:55:00+00:00,211.25,211.25,211.25,211.25,557.0,18.0,211.25
AAPL,2024-07-01 10:57:00+00:00,211.2,211.2,211.2,211.2,479.0,10.0,211.2
AAPL,2024-07-01 10:59:00+00:00,211.15,211.15,211.15,211.15,910.0,32.0,211.15
AAPL,2024-07-01 11:00:00+00:00,211.14,211.14,211.14,211.14,1929.0,84.0,211.14
AAPL,2024-07-01 11:01:00+00:00,211.3,211.3,211.3,211.3,469.0,12.0,211.3
AAPL,2024-07-01 11:02:00+00:00,211.33,211.35,211.33,211.35,1154.0,29.0,211.337833
AAPL,2024-07-01 11:04:00+00:00,211.27,211.27,211.27,211.27,1058.0,23.0,211.27
AAPL,2024-07-01 11:07:00+00:00,211.34,211.34,211.32,211.32,977.0,12.0,211.33681
AAPL,2024-07-01 11:08:00+00:00,211.32,211.32,211.26,211.26,4192.0,65.0,211.304775
AAPL,2024-07-01 11:10:00+00:00,211.25,211.25,211.25,211.25,1062.0,23.0,211.25
AAPL,2024-07-01 11:11:00+00:00,211.28,211.28,211.28,211.28,702.0,18.0,211.28
AAPL,2024-07-01 11:13:00+00:00,211.31,211.31,211.31,211.31,590.0,17.0,211.31
AAPL,2024-07-01 11:14:00+00:00,211.32,211.32,211.32,211.32,2539.0,32.0,211.32
AAPL,2024-07-01 11:16:00+00:00,211.35,211.35,211.35,211.35,869.0,30.0,211.35
AAPL,2024-07-01 11:17:00+00:00,211.36,211.38,211.36,211.38,2561.0,67.0,211.373548
AAPL,2024-07-01 11:18:00+00:00,211.45,211.45,211.45,211.45,1333.0,34.0,211.45
AAPL,2024-07-01 11:22:00+00:00,211.39,211.39,211.39,211.39,794.0,20.0,211.39
AAPL,2024-07-01 11:26:00+00:00,211.42,211.42,211.42,211.42,1094.0,22.0,211.42
AAPL,2024-07-01 11:27:00+00:00,211.45,211.45,211.45,211.45,1668.0,38.0,211.45
AAPL,2024-07-01 11:28:00+00:00,211.48,211.5,211.48,211.5,2754.0,42.0,211.486104
AAPL,2024-07-01 11:29:00+00:00,211.5,211.5,211.5,211.5,3255.0,39.0,211.5
AAPL,2024-07-01 11:30:00+00:00,211.5,211.5,211.36,211.36,4274.0,73.0,211.479983
AAPL,2024-07-01 11:39:00+00:00,211.54,211.6,211.54,211.6,3691.0,64.0,211.552857
AAPL,2024-07-01 11:40:00+00:00,211.62,211.62,211.62,211.62,5566.0,58.0,211.62
AAPL,2024-07-01 11:42:00+00:00,211.65,211.65,211.62,211.62,2423.0,41.0,211.621767
AAPL,2024-07-01 11:43:00+00:00,211.57,211.57,211.57,211.57,1121.0,26.0,211.57
AAPL,2024-07-01 11:44:00+00:00,211.64,211.64,211.64,211.64,1030.0,29.0,211.64
AAPL,2024-07-01 11:45:00+00:00,211.64,211.64,211.64,211.64,365.0,14.0,211.64
AAPL,2024-07-01 11:46:00+00:00,211.6,211.64,211.6,211.64,2916.0,53.0,211.610569
AAPL,2024-07-01 11:47:00+00:00,211.6,211.6,211.6,211.6,1338.0,20.0,211.6
AAPL,2024-07-01 11:48:00+00:00,211.63,211.63,211.6,211.6,1955.0,22.0,211.612478
AAPL,2024-07-01 11:50:00+00:00,211.6,211.6,211.6,211.6,317.0,9.0,211.6
AAPL,2024-07-01 11:51:00+00:00,211.57,211.57,211.57,211.57,1482.0,39.0,211.57
AAPL,2024-07-01 11:53:00+00:00,211.65,211.66,211.65,211.66,1197.0,46.0,211.653092
AAPL,2024-07-01 11:58:00+00:00,211.65,211.65,211.65,211.65,583.0,34.0,211.65
AAPL,2024-07-01 12:00:00+00:00,211.32,211.69,211.1545,211.5546,48654.0,917.0,211.445495
AAPL,2024-07-01 12:01:00+00:00,211.51,212.0,211.51,212.0,4376.0,469.0,211.77963
AAPL,2024-07-01 12:02:00+00:00,211.84,212.2,211.51,211.86,13547.0,1021.0,211.7567
AAPL,2024-07-01 12:03:00+00:00,211.84,212.12,211.63,211.63,2441.0,163.0,211.828277
AAPL,2024-07-01 12:04:00+00:00,211.64,211.64,211.64,211.64,400.0,32.0,211.64
AAPL,2024-07-01 12:05:00+00:00,211.64,211.66,211.64,211.66,1602.0,31.0,211.65547
AAPL,2024-07-01 12:06:00+00:00,211.66,211.71,211.66,211.71,9293.0,63.0,211.705637
AAPL,2024-07-01 12:09:00+00:00,211.71,211.71,210.62,210.62,27042.0,72.0,210.652955
AAPL,2024-07-01 12:10:00+00:00,211.6,211.6,211.49,211.49,3936.0,90.0,211.543359
AAPL,2024-07-01 12:11:00+00:00,211.47,211.47,211.45,211.45,1339.0,58.0,211.45317
AAPL,2024-07-01 12:12:00+00:00,211.44,211.44,211.44,211.44,432.0,30.0,211.44
AAPL,2024-07-01 12:13:00+00:00,211.44,211.44,211.44,211.44,453.0,34.0,211.44
AAPL,2024-07-01 12:15:00+00:00,211.45,211.45,211.45,211.45,678.0,31.0,211.45
AAPL,2024-07-01 12:16:00+00:00,211.42,211.45,211.42,211.45,1037.0,51.0,211.426024
AAPL,2024-07-01 12:17:00+00:00,211.4499,211.45,210.62,211.42,4710.0,25.0,210.710469
AAPL,2024-07-01 12:18:00+00:00,211.45,211.46,211.42,211.42,3232.0,62.0,211.445824
AAPL,2024-07-01 12:19:00+00:00,211.45,211.46,211.45,211.46,623.0,34.0,211.455
AAPL,2024-07-01 12:20:00+00:00,211.46,211.46,211.46,211.46,967.0,38.0,211.46
AAPL,2024-07-01 12:21:00+00:00,211.46,211.46,211.3898,211.3898,2815.0,108.0,211.420762
AAPL,2024-07-01 12:22:00+00:00,211.39,211.39,211.39,211.39,1042.0,44.0,211.39
AAPL,2024-07-01 12:23:00+00:00,211.42,211.42,211.42,211.42,965.0,45.0,211.42
AAPL,2024-07-01 12:24:00+00:00,211.4,211.4,211.4,211.4,528.0,23.0,211.4
AAPL,2024-07-01 12:25:00+00:00,211.46,211.46,211.4,211.42,1214.0,48.0,211.425745
AAPL,2024-07-01 12:26:00+00:00,211.41,211.41,211.41,211.41,293.0,19.0,211.41
AAPL,2024-07-01 12:27:00+00:00,211.4,211.46,211.39,211.39,2068.0,48.0,211.432866
AAPL,2024-07-01 12:28:00+00:00,211.36,211.45,211.3,211.45,5231.0,111.0,211.362981
AAPL,2024-07-01 12:29:00+00:00,211.3,211.3999,211.3,211.3999,2637.0,30.0,211.304205
AAPL,2024-07-01 12:30:00+00:00,211.4,211.4,211.36,211.36,440.0,27.0,211.373333
AAPL,2024-07-01 12:31:00+00:00,211.36,211.36,211.34,211.34,1355.0,45.0,211.35449
AAPL,2024-07-01 12:32:00+00:00,211.3,211.3,211.3,211.3,490.0,31.0,211.3
AAPL,2024-07-01 12:34:00+00:00,211.36,211.36,211.34,211.34,1491.0,41.0,211.352491
AAPL,2024-07-01 12:35:00+00:00,211.36,211.36,211.36,211.36,481.0,50.0,211.36
AAPL,2024-07-01 12:38:00+00:00,211.34,211.34,211.34,211.34,751.0,60.0,211.34
AAPL,2024-07-01 12:40:00+00:00,211.3,211.3842,211.3,211.35,1359.0,46.0,211.359
AAPL,2024-07-01 12:41:00+00:00,211.35,211.35,211.3,211.3,1520.0,65.0,211.323012
AAPL,2024-07-01 12:42:00+00:00,211.26,211.29,211.25,211.25,3176.0,104.0,211.257576
AAPL,2024-07-01 12:43:00+00:00,211.3,211.32,211.29,211.3,2488.0,72.0,211.294653
AAPL,2024-07-01 12:44:00+00:00,211.301,211.301,211.3,211.3,1197.0,39.0,211.300411
AAPL,2024-07-01 12:45:00+00:00,211.3,211.3,211.2758,211.2758,1321.0,49.0,211.292168
AAPL,2024-07-01 12:46:00+00:00,211.335,211.36,211.335,211.36,2252.0,66.0,211.353687
AAPL,2024-07-01 12:47:00+00:00,211.3987,211.3987,211.3987,211.3987,1438.0,50.0,211.3987
AAPL,2024-07-01 12:49:00+00:00,211.4,211.4,211.3,211.3,1130.0,38.0,211.374457
AAPL,2024-07-01 12:50:00+00:00,211.31,211.31,211.31,211.31,571.0,40.0,211.31
AAPL,2024-07-01 12:51:00+00:00,211.3,211.3,211.3,211.3,3004.0,103.0,211.3
AAPL,2024-07-01 12:53:00+00:00,211.35,211.35,211.35,211.35,627.0,39.0,211.35
AAPL,2024-07-01 12:54:00+00:00,211.3108,211.4,211.3108,211.3988,3140.0,70.0,211.350923
AAPL,2024-07-01 12:56:00+00:00,211.4,211.4,211.38,211.38,22345.0,37.0,211.397806
AAPL,2024-07-01 12:57:00+00:00,211.42,211.47,211.42,211.47,1757.0,64.0,211.456195
AAPL,2024-07-01 12:58:00+00:00,211.5,211.518,211.45,211.48,8855.0,80.0,211.495745
AAPL,2024-07-01 12:59:00+00:00,211.5,211.5,211.45,211.45,1371.0,51.0,211.494541
AAPL,2024-07-01 13:00:00+00:00,211.51,211.56,211.51,211.56,4692.0,52.0,211.520928
AAPL,2024-07-01 13:01:00+00:00,211.58,211.7464,211.56,211.7464,4653.0,78.0,211.635695
AAPL,2024-07-01 13:02:00+00:00,211.68,211.73,211.68,211.7,4527.0,70.0,211.71032
AAPL,2024-07-01 13:03:00+00:00,211.7,211.7499,211.7,211.7058,3559.0,71.0,211.729814
AAPL,2024-07-01 13:04:00+00:00,211.7,211.7,211.7,211.7,2520.0,84.0,211.7
AAPL,2024-07-01 13:05:00+00:00,211.7,211.7,211.56,211.58,4497.0,102.0,211.641133
AAPL,2024-07-01 13:06:00+00:00,211.54,211.54,211.53,211.53,5598.0,71.0,211.530226
AAPL,2024-07-01 13:07:00+00:00,211.56,211.57,211.52,211.55,3323.0,100.0,211.546139
AAPL,2024-07-01 13:08:00+00:00,211.56,211.61,211.45,211.6,6606.0,120.0,211.567757
AAPL,2024-07-01 13:09:00+00:00,211.6733,211.6774,211.6733,211.6774,912.0,45.0,211.67574
AAPL,2024-07-01 13:10:00+00:00,211.56,211.56,211.5001,211.5001,1067.0,49.0,211.540954
AAPL,2024-07-01 13:11:00+00:00,211.51,211.51,211.51,211.51,738.0,36.0,211.51
AAPL,2024-07-01 13:12:00+00:00,211.5648,211.6,211.5648,211.59,1779.0,51.0,211.592549
AAPL,2024-07-01 13:13:00+00:00,211.59,211.6,211.59,211.6,1607.0,55.0,211.590861
AAPL,2024-07-01 13:14:00+00:00,211.6,211.6,211.6,211.6,507.0,38.0,211.6
AAPL,2024-07-01 13:15:00+00:00,211.51,211.51,211.46,211.46,2536.0,128.0,211.493333
AAPL,2024-07-01 13:16:00+00:00,211.47,211.47,211.44,211.44,918.0,42.0,211.452024
AAPL,2024-07-01 13:17:00+00:00,211.4,211.4,211.4,211.4,1549.0,32.0,211.4
AAPL,2024-07-01 13:18:00+00:00,211.5,211.51,211.46,211.46,2296.0,96.0,211.498129
AAPL,2024-07-01 13:19:00+00:00,211.63,211.63,211.54,211.59,1393.0,50.0,211.595311
AAPL,2024-07-01 13:20:00+00:00,211.58,211.58,211.55,211.55,689.0,35.0,211.558357
AAPL,2024-07-01 13:21:00+00:00,211.58,211.75,211.58,211.75,6304.0,136.0,211.730636
AAPL,2024-07-01 13:22:00+00:00,211.7,211.74,211.7,211.7,2400.0,57.0,211.716016
AAPL,2024-07-01 13:23:00+00:00,211.73,211.75,211.7056,211.75,2354.0,72.0,211.741919
AAPL,2024-07-01 13:24:00+00:00,211.79,211.82,211.79,211.81,4400.0,134.0,211.810577
AAPL,2024-07-01 13:25:00+00:00,211.84,212.2,211.83,212.16,18226.0,339.0,211.986808
AAPL,2024-07-01 13:26:00+00:00,212.1,212.25,212.0,212.25,21376.0,339.0,212.175888
AAPL,2024-07-01 13:27:00+00:00,212.24,212.24,211.8,211.99,21084.0,284.0,212.085875
AAPL,2024-07-01 13:28:00+00:00,211.99,212.07,211.99,212.01,6574.0,107.0,212.015641
AAPL,2024-07-01 13:29:00+00:00,212.01,212.2,212.0,212.02,22699.0,247.0,212.097151
AAPL,2024-07-01 13:30:00+00:00,212.09,212.52,211.92,212.43,1305493.0,16733.0,212.06699
AAPL,2024-07-01 13:31:00+00:00,212.44,213.0851,212.33,212.97,585361.0,6208.0,212.754393
AAPL,2024-07-01 13:32:00+00:00,213.02,213.07,212.61,212.94,266195.0,3234.0,212.909249
AAPL,2024-07-01 13:33:00+00:00,212.92,213.26,212.55,213.175,311745.0,2999.0,212.911705
AAPL,2024-07-01 13:34:00+00:00,213.19,213.48,213.08,213.34,289703.0,3107.0,213.305031
AAPL,2024-07-01 13:35:00+00:00,213.325,213.6945,213.31,213.65,319931.0,2967.0,213.477876
AAPL,2024-07-01 13:36:00+00:00,213.64,214.04,213.64,213.886,358294.0,3844.0,213.905635
AAPL,2024-07-01 13:37:00+00:00,213.875,213.98,213.145,213.26,293538.0,3182.0,213.521805
AAPL,2024-07-01 13:38:00+00:00,213.26,213.81,213.2201,213.5701,235769.0,2620.0,213.525208
AAPL,2024-07-01 13:39:00+00:00,213.5701,213.6,213.185,213.33,191667.0,2416.0,213.41412
AAPL,2024-07-01 13:40:00+00:00,213.32,213.32,212.93,213.1278,283130.0,3330.0,213.083836
AAPL,2024-07-01 13:41:00+00:00,213.1573,213.46,212.99,213.215,163662.0,2167.0,213.269882
AAPL,2024-07-01 13:42:00+00:00,213.215,213.61,213.14,213.61,126824.0,1786.0,213.330216
AAPL,2024-07-01 13:43:00+00:00,213.62,213.8,213.57,213.725,178157.0,1843.0,213.707589
AAPL,2024-07-01 13:44:00+00:00,213.72,213.85,213.37,213.52,267632.0,3371.0,213.551631
AAPL,2024-07-01 13:45:00+00:00,213.5199,213.64,212.99,213.0,281240.0,3227.0,213.316502
AAPL,2024-07-01 13:46:00+00:00,213.01,213.14,212.87,213.0,271766.0,2738.0,213.004724
AAPL,2024-07-01 13:47:00+00:00,212.98,213.04,212.67,212.7,176500.0,2312.0,212.820348
AAPL,2024-07-01 13:48:00+00:00,212.715,213.05,212.6,212.945,244732.0,2472.0,212.872242
AAPL,2024-07-01 13:49:00+00:00,212.99,212.99,212.41,212.445,170553.0,2180.0,212.674069
AAPL,2024-07-01 13:50:00+00:00,212.42,212.64,212.34,212.58,181515.0,2118.0,212.467748
AAPL,2024-07-01 13:51:00+00:00,212.57,212.59,212.28,212.3799,134806.0,1860.0,212.40505
AAPL,2024-07-01 13:52:00+00:00,212.38,212.79,212.375,212.65,234723.0,2519.0,212.589773
AAPL,2024-07-01 13:53:00+00:00,212.6599,212.74,212.48,212.56,186733.0,2171.0,212.595551
AAPL,2024-07-01 13:54:00+00:00,212.56,212.99,212.515,212.78,203339.0,2658.0,212.797251
AAPL,2024-07-01 13:55:00+00:00,212.8,212.83,212.605,212.78,92211.0,1304.0,212.699247
AAPL,2024-07-01 13:56:00+00:00,212.77,212.94,212.72,212.924,120599.0,1530.0,212.828358
AAPL,2024-07-01 13:57:00+00:00,212.92,213.02,212.8505,212.8505,135993.0,1818.0,212.942939
AAPL,2024-07-01 13:58:00+00:00,212.86,213.2,212.85,213.155,128824.0,1731.0,213.050496
AAPL,2024-07-01 13:59:00+00:00,213.1626,213.18,213.02,213.15,81954.0,1186.0,213.129665
AAPL,2024-07-01 14:00:00+00:00,213.15,213.4,213.15,213.34,256741.0,3365.0,213.300716
AAPL,2024-07-01 14:01:00+00:00,213.31,213.31,213.14,213.295,115763.0,1798.0,213.229457
AAPL,2024-07-01 14:02:00+00:00,213.296,213.47,213.22,213.375,147854.0,2039.0,213.356974
AAPL,2024-07-01 14:03:00+00:00,213.38,213.45,213.29,213.345,87437.0,1474.0,213.389856
AAPL,2024-07-01 14:04:00+00:00,213.34,213.48,213.18,213.2,122460.0,1453.0,213.381724
AAPL,2024-07-01 14:05:00+00:00,213.21,213.73,213.18,213.63,201540.0,2834.0,213.473919
AAPL,2024-07-01 14:06:00+00:00,213.62,213.76,213.36,213.38,150104.0,2314.0,213.605069
AAPL,2024-07-01 14:07:00+00:00,213.38,213.77,213.3,213.75,283638.0,2121.0,213.54778
AAPL,2024-07-01 14:08:00+00:00,213.73,213.88,213.57,213.58,177036.0,2198.0,213.767475
AAPL,2024-07-01 14:09:00+00:00,213.58,213.6193,213.285,213.56,114458.0,1799.0,213.431328
AAPL,2024-07-01 14:10:00+00:00,213.56,213.82,213.49,213.5,169840.0,2316.0,213.657697
AAPL,2024-07-01 14:11:00+00:00,213.5,213.52,213.18,213.18,110614.0,1649.0,213.373101
AAPL,2024-07-01 14:12:00+00:00,213.175,213.2,212.83,212.89,156678.0,2343.0,212.976583
AAPL,2024-07-01 14:13:00+00:00,212.905,213.18,212.87,212.9001,116405.0,1730.0,213.035035
AAPL,2024-07-01 14:14:00+00:00,212.9,213.08,212.85,212.94,104280.0,1565.0,212.967088
AAPL,2024-07-01 14:15:00+00:00,212.93,213.15,212.78,213.05,145404.0,2079.0,212.973491
AAPL,2024-07-01 14:16:00+00:00,213.065,213.61,213.04,213.59,177799.0,2283.0,213.391713
AAPL,2024-07-01 14:17:00+00:00,213.58,213.86,213.58,213.85,149566.0,1963.0,213.718865
AAPL,2024-07-01 14:18:00+00:00,213.85,214.1,213.8015,214.02,383181.0,3410.0,213.96084
AAPL,2024-07-01 14:19:00+00:00,214.0133,214.43,213.94,214.4099,312492.0,3129.0,214.238139
AAPL,2024-07-01 14:20:00+00:00,214.4,214.8,214.39,214.72,388114.0,3653.0,214.634928
AAPL,2024-07-01 14:21:00+00:00,214.715,214.86,214.5882,214.8499,262736.0,3015.0,214.739492
AAPL,2024-07-01 14:22:00+00:00,214.85,215.21,214.85,215.08,578369.0,5605.0,215.033662
AAPL,2024-07-01 14:23:00+00:00,215.08,215.49,215.03,215.21,335776.0,3034.0,215.265967
AAPL,2024-07-01 14:24:00+00:00,215.2199,215.39,215.05,215.1401,260562.0,2739.0,215.213975
AAPL,2024-07-01 14:25:00+00:00,215.145,215.32,215.1,215.2,175058.0,2052.0,215.234988
AAPL,2024-07-01 14:26:00+00:00,215.1901,215.215,214.87,214.98,191001.0,2245.0,214.962295
AAPL,2024-07-01 14:27:00+00:00,214.98,215.2,214.8836,215.18,146043.0,1840.0,215.046386
AAPL,2024-07-01 14:28:00+00:00,215.185,215.59,215.18,215.43,402138.0,3516.0,215.410085
AAPL,2024-07-01 14:29:00+00:00,215.4352,215.54,215.185,215.23,233121.0,2431.0,215.385113
AAPL,2024-07-01 14:30:00+00:00,215.22,215.34,214.93,215.06,157680.0,2009.0,215.110783
AAPL,2024-07-01 14:31:00+00:00,215.07,215.0799,214.81,215.0399,149151.0,1797.0,214.946078
AAPL,2024-07-01 14:32:00+00:00,215.03,215.18,214.89,214.935,120775.0,1786.0,215.026847
AAPL,2024-07-01 14:33:00+00:00,214.95,215.05,214.82,214.985,161480.0,1738.0,214.93921
AAPL,2024-07-01 14:34:00+00:00,215.01,215.01,214.78,214.79,87917.0,1283.0,214.871698
AAPL,2024-07-01 14:35:00+00:00,214.79,214.94,214.69,214.8897,175806.0,1782.0,214.84258
AAPL,2024-07-01 14:36:00+00:00,214.88,214.92,214.77,214.7973,168736.0,1710.0,214.857986
AAPL,2024-07-01 14:37:00+00:00,214.785,214.81,214.45,214.48,152186.0,1783.0,214.6106
AAPL,2024-07-01 14:38:00+00:00,214.4608,214.52,214.2,214.3,139785.0,1805.0,214.355579
AAPL,2024-07-01 14:39:00+00:00,214.3099,214.44,214.22,214.335,160217.0,1799.0,214.313087
AAPL,2024-07-01 14:40:00+00:00,214.345,214.345,214.13,214.215,120853.0,1897.0,214.233752
AAPL,2024-07-01 14:41:00+00:00,214.2196,214.36,214.1,214.11,97132.0,3983.0,214.223482
AAPL,2024-07-01 14:42:00+00:00,214.1,214.3907,214.09,214.33,125758.0,4091.0,214.25243
AAPL,2024-07-01 14:43:00+00:00,214.33,214.5299,214.18,214.185,167073.0,3822.0,214.387189
AAPL,2024-07-01 14:44:00+00:00,214.16,214.575,214.1504,214.575,174880.0,3551.0,214.372734
AAPL,2024-07-01 14:45:00+00:00,214.58,214.58,214.34,214.427,69346.0,2516.0,214.459223
AAPL,2024-07-01 14:46:00+00:00,214.42,214.7,214.4,214.555,113175.0,2936.0,214.57529
AAPL,2024-07-01 14:47:00+00:00,214.55,214.85,214.51,214.82,146606.0,3505.0,214.712393
AAPL,2024-07-01 14:48:00+00:00,214.83,215.11,214.83,215.09,218603.0,5207.0,214.986007
AAPL,2024-07-01 14:49:00+00:00,215.09,215.09,214.91,214.96,149342.0,4856.0,214.958937
AAPL,2024-07-01 14:50:00+00:00,214.98,215.37,214.96,215.31,189811.0,5045.0,215.162899
AAPL,2024-07-01 14:51:00+00:00,215.3,215.34,215.13,215.17,141297.0,4598.0,215.249253
AAPL,2024-07-01 14:52:00+00:00,215.18,215.2599,214.99,215.03,120691.0,4384.0,215.052966
AAPL,2024-07-01 14:53:00+00:00,215.03,215.07,214.57,214.74,156991.0,4368.0,214.775217
AAPL,2024-07-01 14:54:00+00:00,214.745,214.89,214.67,214.705,145818.0,4150.0,214.75431
AAPL,2024-07-01 14:55:00+00:00,214.705,214.99,214.68,214.99,105496.0,3486.0,214.809901
AAPL,2024-07-01 14:56:00+00:00,214.9901,215.19,214.965,214.975,157814.0,3396.0,215.055571
AAPL,2024-07-01 14:57:00+00:00,215.0099,215.14,214.92,215.11,124607.0,3120.0,215.0435
AAPL,2024-07-01 14:58:00+00:00,215.12,215.3,215.12,215.21,139984.0,3581.0,215.214244
AAPL,2024-07-01 14:59:00+00:00,215.21,215.3724,215.14,215.36,130452.0,3326.0,215.283305
AAPL,2024-07-01 15:00:00+00:00,215.36,215.43,215.23,215.34,199593.0,4394.0,215.339057
AAPL,2024-07-01 15:01:00+00:00,215.33,215.3999,214.98,215.055,119871.0,3360.0,215.102961
AAPL,2024-07-01 15:02:00+00:00,215.07,215.24,214.99,215.01,116997.0,3213.0,215.103194
AAPL,2024-07-01 15:03:00+00:00,215.0098,215.28,214.99,215.2748,105307.0,3159.0,215.101474
AAPL,2024-07-01 15:04:00+00:00,215.2799,215.56,215.2,215.21,217237.0,4016.0,215.406178
AAPL,2024-07-01 15:05:00+00:00,215.19,215.255,214.87,214.8936,170491.0,3629.0,215.057597
AAPL,2024-07-01 15:06:00+00:00,214.885,214.91,214.47,214.6,146991.0,3434.0,214.666708
AAPL,2024-07-01 15:07:00+00:00,214.59,214.77,214.5286,214.725,125660.0,2776.0,214.679634
AAPL,2024-07-01 15:08:00+00:00,214.7299,215.075,214.7201,214.915,153323.0,3010.0,214.90718
AAPL,2024-07-01 15:09:00+00:00,214.92,214.92,214.62,214.739,94876.0,2120.0,214.730951
AAPL,2024-07-01 15:10:00+00:00,214.72,214.96,214.71,214.8364,63887.0,2312.0,214.810364
AAPL,2024-07-01 15:11:00+00:00,214.84,215.165,214.84,215.05,107867.0,2376.0,214.988509
AAPL,2024-07-01 15:12:00+00:00,215.055,215.17,214.94,215.04,103515.0,2838.0,215.03599
AAPL,2024-07-01 15:13:00+00:00,215.03,215.2,215.01,215.195,180957.0,3117.0,215.085768
AAPL,2024-07-01 15:14:00+00:00,215.1932,215.41,215.1701,215.33,226455.0,4335.0,215.314266
AAPL,2024-07-01 15:15:00+00:00,215.3347,215.37,215.18,215.35,107810.0,2748.0,215.286622
AAPL,2024-07-01 15:16:00+00:00,215.33,215.34,215.25,215.27,77191.0,2382.0,215.294291
AAPL,2024-07-01 15:17:00+00:00,215.27,215.28,215.12,215.16,57415.0,2482.0,215.209334
AAPL,2024-07-01 15:18:00+00:00,215.15,215.17,215.005,215.0896,88146.0,2436.0,215.062583
AAPL,2024-07-01 15:19:00+00:00,215.05,215.14,214.95,215.0399,97449.0,2585.0,215.049227
AAPL,2024-07-01 15:20:00+00:00,215.035,215.09,214.805,214.805,76099.0,2594.0,214.95709
AAPL,2024-07-01 15:21:00+00:00,214.805,214.82,214.66,214.775,86432.0,3230.0,214.745576
AAPL,2024-07-01 15:22:00+00:00,214.7872,214.7872,214.505,214.51,98257.0,3905.0,214.603502
AAPL,2024-07-01 15:23:00+00:00,214.5,214.51,214.34,214.47,103069.0,3625.0,214.419163
AAPL,2024-07-01 15:24:00+00:00,214.475,214.72,214.4729,214.7,101259.0,3659.0,214.640063
AAPL,2024-07-01 15:25:00+00:00,214.7,214.98,214.7,214.98,102846.0,3870.0,214.854386
AAPL,2024-07-01 15:26:00+00:00,214.98,215.0,214.78,214.99,79646.0,3548.0,214.908932
AAPL,2024-07-01 15:27:00+00:00,214.98,215.005,214.8001,214.85,70206.0,3450.0,214.922901
AAPL,2024-07-01 15:28:00+00:00,214.85,214.9,214.78,214.89,47168.0,2920.0,214.848467
AAPL,2024-07-01 15:29:00+00:00,214.89,215.08,214.89,215.0133,89486.0,3202.0,215.001368
AAPL,2024-07-01 15:30:00+00:00,215.01,215.0199,214.73,214.807,61759.0,2771.0,214.863745
AAPL,2024-07-01 15:31:00+00:00,214.8299,214.91,214.74,214.8499,48431.0,2662.0,214.833741
AAPL,2024-07-01 15:32:00+00:00,214.84,214.92,214.75,214.8899,73831.0,2658.0,214.862056
AAPL,2024-07-01 15:33:00+00:00,214.89,214.98,214.82,214.975,68504.0,2607.0,214.9136
AAPL,2024-07-01 15:34:00+00:00,214.98,215.165,214.97,215.145,111809.0,2761.0,215.076852
AAPL,2024-07-01 15:35:00+00:00,215.15,215.1997,215.068,215.125,97241.0,2274.0,215.133865
AAPL,2024-07-01 15:36:00+00:00,215.135,215.14,214.96,214.98,61618.0,2117.0,215.020494
AAPL,2024-07-01 15:37:00+00:00,214.97,214.97,214.81,214.9,62531.0,1993.0,214.862052
AAPL,2024-07-01 15:38:00+00:00,214.905,215.0,214.78,214.8,71644.0,2421.0,214.889149
AAPL,2024-07-01 15:39:00+00:00,214.78,214.925,214.7,214.92,55869.0,2112.0,214.782254
AAPL,2024-07-01 15:40:00+00:00,214.93,215.27,214.895,215.23,127079.0,2725.0,215.138113
AAPL,2024-07-01 15:41:00+00:00,215.2293,215.34,215.16,215.285,115577.0,2699.0,215.258137
AAPL,2024-07-01 15:42:00+00:00,215.31,215.345,215.03,215.17,98700.0,2630.0,215.163771
AAPL,2024-07-01 15:43:00+00:00,215.16,215.28,215.06,215.235,54866.0,2681.0,215.195795
AAPL,2024-07-01 15:44:00+00:00,215.22,215.24,214.98,215.04,57568.0,3086.0,215.077072
AAPL,2024-07-01 15:45:00+00:00,215.025,215.18,215.0,215.1516,51528.0,2940.0,215.132966
AAPL,2024-07-01 15:46:00+00:00,215.15,215.22,215.07,215.18,69234.0,2720.0,215.145799
AAPL,2024-07-01 15:47:00+00:00,215.1799,215.24,215.08,215.09,54007.0,2491.0,215.166563
AAPL,2024-07-01 15:48:00+00:00,215.0951,215.27,215.08,215.26,86221.0,2852.0,215.186722
AAPL,2024-07-01 15:49:00+00:00,215.2556,215.2611,215.03,215.035,70857.0,2613.0,215.13411
AAPL,2024-07-01 15:50:00+00:00,215.035,215.135,214.98,215.135,47856.0,2948.0,215.061367
AAPL,2024-07-01 15:51:00+00:00,215.14,215.23,215.1,215.19,93378.0,3340.0,215.147516
AAPL,2024-07-01 15:52:00+00:00,215.19,215.28,215.18,215.23,89924.0,3131.0,215.233829
AAPL,2024-07-01 15:53:00+00:00,215.21,215.25,215.145,215.235,78823.0,3262.0,215.20998
AAPL,2024-07-01 15:54:00+00:00,215.2396,215.32,215.18,215.24,107136.0,3296.0,215.261616
AAPL,2024-07-01 15:55:00+00:00,215.2365,215.35,215.14,215.22,201368.0,3476.0,215.276496
AAPL,2024-07-01 15:56:00+00:00,215.215,215.37,215.175,215.37,85936.0,2799.0,215.25432
AAPL,2024-07-01 15:57:00+00:00,215.37,215.66,215.335,215.5501,297654.0,4178.0,215.526865
AAPL,2024-07-01 15:58:00+00:00,215.56,215.73,215.56,215.64,150510.0,3153.0,215.645298
AAPL,2024-07-01 15:59:00+00:00,215.6333,215.73,215.615,215.69,137453.0,3268.0,215.68212
AAPL,2024-07-01 16:00:00+00:00,215.685,215.685,215.33,215.48,186583.0,3419.0,215.527837
AAPL,2024-07-01 16:01:00+00:00,215.47,215.73,215.44,215.7,109958.0,3185.0,215.599829
AAPL,2024-07-01 16:02:00+00:00,215.6699,215.7,215.56,215.66,105965.0,2796.0,215.621768
AAPL,2024-07-01 16:03:00+00:00,215.66,215.69,215.56,215.6,66953.0,2455.0,215.609254
AAPL,2024-07-01 16:04:00+00:00,215.59,215.75,215.58,215.74,95113.0,2322.0,215.669193
AAPL,2024-07-01 16:05:00+00:00,215.745,215.92,215.69,215.86,381119.0,3037.0,215.818729
AAPL,2024-07-01 16:06:00+00:00,215.855,215.9,215.7501,215.848,152772.0,2614.0,215.838938
AAPL,2024-07-01 16:07:00+00:00,215.85,215.86,215.6601,215.73,123356.0,2604.0,215.752862
AAPL,2024-07-01 16:08:00+00:00,215.725,215.84,215.7,215.7338,94547.0,2600.0,215.761874
AAPL,2024-07-01 16:09:00+00:00,215.735,215.94,215.725,215.935,80482.0,2403.0,215.867643
AAPL,2024-07-01 16:10:00+00:00,215.94,215.94,215.88,215.935,118036.0,2795.0,215.909856
AAPL,2024-07-01 16:11:00+00:00,215.93,215.96,215.89,215.91,107760.0,2469.0,215.929843
AAPL,2024-07-01 16:12:00+00:00,215.91,216.02,215.8601,215.93,233420.0,4240.0,215.971671
AAPL,2024-07-01 16:13:00+00:00,215.94,216.01,215.9,216.0,81150.0,2331.0,215.969886
AAPL,2024-07-01 16:14:00+00:00,216.0,216.03,215.99,216.0,98492.0,2430.0,216.007464
AAPL,2024-07-01 16:15:00+00:00,216.01,216.02,215.84,215.93,125073.0,2594.0,215.952635
AAPL,2024-07-01 16:16:00+00:00,215.93,215.99,215.8699,215.8699,65339.0,2092.0,215.928043
AAPL,2024-07-01 16:17:00+00:00,215.87,215.94,215.83,215.92,59186.0,2071.0,215.897925
AAPL,2024-07-01 16:18:00+00:00,215.93,215.97,215.89,215.93,61108.0,1834.0,215.92631
AAPL,2024-07-01 16:19:00+00:00,215.925,216.06,215.9,216.025,99393.0,1300.0,215.978568
AAPL,2024-07-01 16:20:00+00:00,216.05,216.14,215.75,215.815,193355.0,1917.0,216.019316
AAPL,2024-07-01 16:21:00+00:00,215.8197,216.33,215.81,216.265,265313.0,2613.0,216.192527
AAPL,2024-07-01 16:22:00+00:00,216.27,216.32,216.05,216.13,131107.0,1424.0,216.187289
AAPL,2024-07-01 16:23:00+00:00,216.13,216.2,215.97,216.19,97813.0,1296.0,216.072857
AAPL,2024-07-01 16:24:00+00:00,216.2,216.36,216.05,216.0695,148214.0,1720.0,216.226123
AAPL,2024-07-01 16:25:00+00:00,216.0441,216.21,215.9401,216.165,107725.0,1191.0,216.091184
AAPL,2024-07-01 16:26:00+00:00,216.16,216.33,216.16,216.29,109522.0,1192.0,216.257151
AAPL,2024-07-01 16:27:00+00:00,216.2863,216.4,216.25,216.3942,143384.0,1661.0,216.334843
AAPL,2024-07-01 16:28:00+00:00,216.39,216.55,216.3,216.4,286439.0,2533.0,216.45094
AAPL,2024-07-01 16:29:00+00:00,216.39,216.58,216.35,216.505,142734.0,1476.0,216.460479
AAPL,2024-07-01 16:30:00+00:00,216.51,216.6638,216.51,216.55,146439.0,1476.0,216.566678
AAPL,2024-07-01 16:31:00+00:00,216.545,216.64,216.515,216.6,120249.0,1166.0,216.574334
AAPL,2024-07-01 16:32:00+00:00,216.6044,216.65,216.575,216.61,109794.0,1375.0,216.606911
AAPL,2024-07-01 16:33:00+00:00,216.618,216.69,216.58,216.68,109763.0,1205.0,216.632495
AAPL,2024-07-01 16:34:00+00:00,216.685,216.72,216.47,216.51,192643.0,1952.0,216.576722
AAPL,2024-07-01 16:35:00+00:00,216.51,216.8,216.5,216.685,189774.0,1860.0,216.645872
AAPL,2024-07-01 16:36:00+00:00,216.69,216.85,216.685,216.75,152804.0,1714.0,216.757351
AAPL,2024-07-01 16:37:00+00:00,216.75,216.91,216.75,216.89,124775.0,1388.0,216.856882
AAPL,2024-07-01 16:38:00+00:00,216.885,216.955,216.82,216.953,129087.0,1376.0,216.888602
AAPL,2024-07-01 16:39:00+00:00,216.96,216.99,216.77,216.79,231563.0,1804.0,216.901073
AAPL,2024-07-01 16:40:00+00:00,216.785,216.82,216.57,216.76,138554.0,1561.0,216.703767
AAPL,2024-07-01 16:41:00+00:00,216.765,217.02,216.75,216.99,300711.0,3204.0,216.962177
AAPL,2024-07-01 16:42:00+00:00,216.985,217.01,216.67,216.8899,159533.0,1623.0,216.837279
AAPL,2024-07-01 16:43:00+00:00,216.89,217.155,216.86,217.1305,214660.0,2245.0,217.031223
AAPL,2024-07-01 16:44:00+00:00,217.13,217.32,217.06,217.305,377444.0,3686.0,217.210599
AAPL,2024-07-01 16:45:00+00:00,217.305,217.5,217.3,217.3201,293992.0,3031.0,217.407293
AAPL,2024-07-01 16:46:00+00:00,217.34,217.34,216.86,216.9766,234470.0,2073.0,217.073518
AAPL,2024-07-01 16:47:00+00:00,216.9764,217.26,216.945,217.14,244846.0,2369.0,217.074257
AAPL,2024-07-01 16:48:00+00:00,217.14,217.14,216.91,217.01,166502.0,1522.0,217.01854
AAPL,2024-07-01 16:49:00+00:00,217.01,217.01,216.84,216.94,142678.0,1516.0,216.935677
AAPL,2024-07-01 16:50:00+00:00,216.948,217.025,216.6843,216.77,145979.0,1511.0,216.814254
AAPL,2024-07-01 16:51:00+00:00,216.76,216.83,216.57,216.67,174475.0,1703.0,216.656455
AAPL,2024-07-01 16:52:00+00:00,216.66,216.97,216.6,216.9452,134011.0,1462.0,216.780205
AAPL,2024-07-01 16:53:00+00:00,216.95,217.1999,216.9403,217.155,179094.0,1738.0,217.083319
AAPL,2024-07-01 16:54:00+00:00,217.16,217.2,217.07,217.115,145559.0,1569.0,217.12735
AAPL,2024-07-01 16:55:00+00:00,217.1199,217.24,217.1,217.15,103327.0,1142.0,217.170697
AAPL,2024-07-01 16:56:00+00:00,217.17,217.25,216.93,217.0445,119834.0,1295.0,217.077959
AAPL,2024-07-01 16:57:00+00:00,217.05,217.05,216.82,216.89,101420.0,1240.0,216.912862
AAPL,2024-07-01 16:58:00+00:00,216.9,217.0001,216.89,216.98,76040.0,1025.0,216.953195
AAPL,2024-07-01 16:59:00+00:00,216.985,217.1,216.89,216.9824,96574.0,1260.0,216.994493
AAPL,2024-07-01 17:00:00+00:00,216.9999,217.06,216.93,217.055,63222.0,1018.0,216.991277
AAPL,2024-07-01 17:01:00+00:00,217.055,217.3,216.99,217.2979,187289.0,1684.0,217.166048
AAPL,2024-07-01 17:02:00+00:00,217.295,217.43,217.19,217.405,149120.0,1551.0,217.298517
AAPL,2024-07-01 17:03:00+00:00,217.405,217.505,217.02,217.08,187359.0,2191.0,217.351566
AAPL,2024-07-01 17:04:00+00:00,217.09,217.27,217.05,217.19,120084.0,1495.0,217.164868
AAPL,2024-07-01 17:05:00+00:00,217.2,217.3699,217.11,217.32,108681.0,1271.0,217.272019
AAPL,2024-07-01 17:06:00+00:00,217.34,217.37,217.145,217.27,68711.0,894.0,217.251068
AAPL,2024-07-01 17:07:00+00:00,217.29,217.31,217.11,217.14,84420.0,1031.0,217.219828
AAPL,2024-07-01 17:08:00+00:00,217.13,217.2,216.99,217.07,86403.0,1154.0,217.067386
AAPL,2024-07-01 17:09:00+00:00,217.06,217.185,216.97,217.01,77157.0,1036.0,217.075899
AAPL,2024-07-01 17:10:00+00:00,217.0,217.21,216.92,217.14,81336.0,1065.0,217.032599
AAPL,2024-07-01 17:11:00+00:00,217.19,217.34,217.185,217.33,94557.0,1022.0,217.269995
AAPL,2024-07-01 17:12:00+00:00,217.3174,217.43,217.305,217.385,120354.0,1207.0,217.363031
AAPL,2024-07-01 17:13:00+00:00,217.3888,217.44,217.23,217.27,112130.0,1229.0,217.353514
AAPL,2024-07-01 17:14:00+00:00,217.265,217.37,217.1,217.1201,98513.0,1226.0,217.233687
AAPL,2024-07-01 17:15:00+00:00,217.12,217.15,217.02,217.13,114526.0,1180.0,217.068502
AAPL,2024-07-01 17:16:00+00:00,217.125,217.235,217.08,217.1901,126108.0,1134.0,217.149511
AAPL,2024-07-01 17:17:00+00:00,217.21,217.38,217.195,217.35,118300.0,1123.0,217.261907
AAPL,2024-07-01 17:18:00+00:00,217.35,217.43,217.23,217.43,91812.0,1010.0,217.356096
AAPL,2024-07-01 17:19:00+00:00,217.43,217.5,217.41,217.4845,228930.0,1674.0,217.474479
AAPL,2024-07-01 17:20:00+00:00,217.48,217.51,217.4,217.42,218804.0,1749.0,217.469789
AAPL,2024-07-01 17:21:00+00:00,217.42,217.5,217.3701,217.43,81371.0,1038.0,217.438157
AAPL,2024-07-01 17:22:00+00:00,217.43,217.48,217.25,217.2729,112935.0,1327.0,217.369505
AAPL,2024-07-01 17:23:00+00:00,217.27,217.345,217.12,217.345,110380.0,1255.0,217.238241
AAPL,2024-07-01 17:24:00+00:00,217.34,217.34,217.08,217.11,112769.0,1391.0,217.181695
AAPL,2024-07-01 17:25:00+00:00,217.13,217.24,217.04,217.2271,103336.0,1082.0,217.146533
AAPL,2024-07-01 17:26:00+00:00,217.24,217.32,217.21,217.29,85171.0,943.0,217.271134
AAPL,2024-07-01 17:27:00+00:00,217.285,217.29,217.07,217.1899,76455.0,880.0,217.154166
AAPL,2024-07-01 17:28:00+00:00,217.1801,217.34,217.175,217.29,85714.0,925.0,217.262098
AAPL,2024-07-01 17:29:00+00:00,217.3,217.35,217.24,217.2543,74041.0,735.0,217.294325
AAPL,2024-07-01 17:30:00+00:00,217.25,217.25,217.04,217.065,68146.0,1024.0,217.121608
AAPL,2024-07-01 17:31:00+00:00,217.06,217.09,216.81,216.87,99237.0,1360.0,216.922848
AAPL,2024-07-01 17:32:00+00:00,216.86,217.05,216.855,217.0115,64498.0,818.0,216.96997
AAPL,2024-07-01 17:33:00+00:00,217.02,217.05,216.9407,216.96,47001.0,833.0,216.990999
AAPL,2024-07-01 17:34:00+00:00,216.95,217.01,216.86,216.86,48143.0,848.0,216.914563
AAPL,2024-07-01 17:35:00+00:00,216.87,217.0499,216.84,216.96,55503.0,856.0,216.955839
AAPL,2024-07-01 17:36:00+00:00,216.9677,217.12,216.9501,217.0,76882.0,1014.0,217.040882
AAPL,2024-07-01 17:37:00+00:00,216.99,217.14,216.9303,216.96,68410.0,1051.0,217.029621
AAPL,2024-07-01 17:38:00+00:00,216.95,216.98,216.83,216.86,50695.0,825.0,216.906581
AAPL,2024-07-01 17:39:00+00:00,216.85,216.89,216.7143,216.845,93072.0,1179.0,216.810466
AAPL,2024-07-01 17:40:00+00:00,216.8498,216.96,216.835,216.9599,57165.0,793.0,216.885894
AAPL,2024-07-01 17:41:00+00:00,216.95,216.99,216.9002,216.9888,35195.0,630.0,216.962397
AAPL,2024-07-01 17:42:00+00:00,216.98,217.0199,216.83,216.9,71073.0,996.0,216.920608
AAPL,2024-07-01 17:43:00+00:00,216.9,216.94,216.81,216.9,56873.0,704.0,216.883376
AAPL,2024-07-01 17:44:00+00:00,216.91,217.0452,216.91,217.02,67356.0,824.0,217.007783
AAPL,2024-07-01 17:45:00+00:00,217.02,217.08,216.94,217.04,68996.0,819.0,217.038175
AAPL,2024-07-01 17:46:00+00:00,217.0469,217.0499,216.75,216.9,81020.0,928.0,216.883574
AAPL,2024-07-01 17:47:00+00:00,216.88,216.8989,216.72,216.83,73961.0,757.0,216.810312
AAPL,2024-07-01 17:48:00+00:00,216.825,216.83,216.632,216.68,90832.0,1095.0,216.704345
AAPL,2024-07-01 17:49:00+00:00,216.68,216.68,216.42,216.4581,126621.0,1397.0,216.546085
AAPL,2024-07-01 17:50:00+00:00,216.43,216.49,216.32,216.3997,112598.0,1379.0,216.38855
AAPL,2024-07-01 17:51:00+00:00,216.4,216.47,216.36,216.47,76595.0,927.0,216.403562
AAPL,2024-07-01 17:52:00+00:00,216.46,216.65,216.46,216.6201,109107.0,1027.0,216.559564
AAPL,2024-07-01 17:53:00+00:00,216.64,216.78,216.55,216.6665,102942.0,1015.0,216.664934
AAPL,2024-07-01 17:54:00+00:00,216.6673,216.7,216.57,216.65,62107.0,767.0,216.641912
AAPL,2024-07-01 17:55:00+00:00,216.65,216.67,216.47,216.615,61926.0,786.0,216.536098
AAPL,2024-07-01 17:56:00+00:00,216.615,216.67,216.545,216.57,48334.0,629.0,216.595682
AAPL,2024-07-01 17:57:00+00:00,216.56,216.57,216.47,216.52,64385.0,776.0,216.524148
AAPL,2024-07-01 17:58:00+00:00,216.52,216.56,216.48,216.53,55265.0,723.0,216.528401
AAPL,2024-07-01 17:59:00+00:00,216.53,216.75,216.5201,216.72,51456.0,769.0,216.654242
AAPL,2024-07-01 18:00:00+00:00,216.72,216.7251,216.47,216.505,60043.0,903.0,216.569689
AAPL,2024-07-01 18:01:00+00:00,216.5,216.58,216.4707,216.5097,47851.0,626.0,216.534887
AAPL,2024-07-01 18:02:00+00:00,216.5202,216.56,216.47,216.475,54891.0,749.0,216.500542
AAPL,2024-07-01 18:03:00+00:00,216.47,216.47,216.39,216.46,53019.0,770.0,216.432187
AAPL,2024-07-01 18:04:00+00:00,216.46,216.5,216.39,216.5,57604.0,653.0,216.456549
AAPL,2024-07-01 18:05:00+00:00,216.495,216.565,216.38,216.42,66934.0,1082.0,216.467808
AAPL,2024-07-01 18:06:00+00:00,216.415,216.485,216.335,216.34,56927.0,707.0,216.437219
AAPL,2024-07-01 18:07:00+00:00,216.345,216.43,216.34,216.355,57574.0,733.0,216.374801
AAPL,2024-07-01 18:08:00+00:00,216.3595,216.45,216.33,216.35,64531.0,946.0,216.380203
AAPL,2024-07-01 18:09:00+00:00,216.3521,216.37,216.29,216.3,50150.0,684.0,216.320905
AAPL,2024-07-01 18:10:00+00:00,216.3,216.42,216.26,216.405,48879.0,740.0,216.354746
AAPL,2024-07-01 18:11:00+00:00,216.42,216.59,216.4001,216.57,65325.0,944.0,216.506358
AAPL,2024-07-01 18:12:00+00:00,216.5699,216.82,216.5667,216.77,101904.0,1232.0,216.71936
AAPL,2024-07-01 18:13:00+00:00,216.78,216.8,216.5301,216.5699,84508.0,908.0,216.687644
AAPL,2024-07-01 18:14:00+00:00,216.56,216.645,216.49,216.6375,50312.0,700.0,216.572902
AAPL,2024-07-01 18:15:00+00:00,216.635,216.775,216.635,216.74,77796.0,729.0,216.706704
AAPL,2024-07-01 18:16:00+00:00,216.73,216.78,216.67,216.68,64282.0,687.0,216.704252
AAPL,2024-07-01 18:17:00+00:00,216.69,216.77,216.69,216.74,56756.0,678.0,216.73426
AAPL,2024-07-01 18:18:00+00:00,216.75,216.88,216.745,216.8662,94133.0,1042.0,216.81614
AAPL,2024-07-01 18:19:00+00:00,216.87,216.9,216.8,216.8075,63070.0,688.0,216.858134
AAPL,2024-07-01 18:20:00+00:00,216.8099,216.8099,216.56,216.59,57225.0,830.0,216.677938
AAPL,2024-07-01 18:21:00+00:00,216.6399,216.65,216.53,216.56,31008.0,665.0,216.587874
AAPL,2024-07-01 18:22:00+00:00,216.58,216.6199,216.485,216.5035,35275.0,653.0,216.559354
AAPL,2024-07-01 18:23:00+00:00,216.5,216.51,216.43,216.46,52304.0,696.0,216.471653
AAPL,2024-07-01 18:24:00+00:00,216.45,216.45,216.35,216.415,80406.0,988.0,216.402099
AAPL,2024-07-01 18:25:00+00:00,216.41,216.45,216.2556,216.258,81599.0,900.0,216.350952
AAPL,2024-07-01 18:26:00+00:00,216.25,216.25,216.1,216.19,128137.0,1465.0,216.180091
AAPL,2024-07-01 18:27:00+00:00,216.19,216.31,216.095,216.2801,86818.0,1027.0,216.189697
AAPL,2024-07-01 18:28:00+00:00,216.28,216.28,216.145,216.175,38870.0,678.0,216.189241
AAPL,2024-07-01 18:29:00+00:00,216.18,216.19,215.92,215.935,126991.0,1516.0,216.045367
AAPL,2024-07-01 18:30:00+00:00,215.93,215.9938,215.81,215.95,121792.0,1564.0,215.903314
AAPL,2024-07-01 18:31:00+00:00,215.94,216.01,215.81,215.975,93011.0,987.0,215.889462
AAPL,2024-07-01 18:32:00+00:00,215.975,216.08,215.805,215.845,114643.0,1510.0,215.956859
AAPL,2024-07-01 18:33:00+00:00,215.84,215.84,215.71,215.8224,110528.0,1427.0,215.779243
AAPL,2024-07-01 18:34:00+00:00,215.82,215.87,215.815,215.865,50992.0,737.0,215.847505
AAPL,2024-07-01 18:35:00+00:00,215.8697,215.99,215.72,215.735,87072.0,1181.0,215.865853
AAPL,2024-07-01 18:36:00+00:00,215.73,215.83,215.71,215.76,67688.0,955.0,215.780932
AAPL,2024-07-01 18:37:00+00:00,215.79,215.84,215.73,215.82,65134.0,822.0,215.78465
AAPL,2024-07-01 18:38:00+00:00,215.84,215.86,215.75,215.78,48944.0,763.0,215.786938
AAPL,2024-07-01 18:39:00+00:00,215.77,215.9,215.76,215.78,75414.0,865.0,215.835882
AAPL,2024-07-01 18:40:00+00:00,215.78,215.79,215.62,215.73,105428.0,1294.0,215.716679
AAPL,2024-07-01 18:41:00+00:00,215.73,215.81,215.688,215.71,107952.0,979.0,215.723105
AAPL,2024-07-01 18:42:00+00:00,215.71,215.76,215.67,215.705,63726.0,851.0,215.712311
AAPL,2024-07-01 18:43:00+00:00,215.7002,215.77,215.7,215.755,47289.0,671.0,215.726748
AAPL,2024-07-01 18:44:00+00:00,215.765,216.09,215.76,216.0401,117996.0,1312.0,215.945582
AAPL,2024-07-01 18:45:00+00:00,216.04,216.08,215.85,215.8508,111497.0,1076.0,215.976374
AAPL,2024-07-01 18:46:00+00:00,215.835,215.93,215.72,215.91,67956.0,898.0,215.816827
AAPL,2024-07-01 18:47:00+00:00,215.905,215.905,215.75,215.8199,52508.0,622.0,215.811534
AAPL,2024-07-01 18:48:00+00:00,215.81,215.815,215.71,215.73,47722.0,635.0,215.76042
AAPL,2024-07-01 18:49:00+00:00,215.72,215.74,215.66,215.6968,81099.0,840.0,215.70531
AAPL,2024-07-01 18:50:00+00:00,215.7,215.705,215.5239,215.54,86409.0,964.0,215.617412
AAPL,2024-07-01 18:51:00+00:00,215.535,215.88,215.531,215.76,92130.0,1073.0,215.751454
AAPL,2024-07-01 18:52:00+00:00,215.75,215.7936,215.58,215.7,58367.0,659.0,215.686793
AAPL,2024-07-01 18:53:00+00:00,215.6914,215.825,215.6438,215.79,43905.0,575.0,215.725473
AAPL,2024-07-01 18:54:00+00:00,215.79,215.94,215.76,215.93,84616.0,790.0,215.867548
AAPL,2024-07-01 18:55:00+00:00,215.925,215.93,215.72,215.73,69675.0,819.0,215.828189
AAPL,2024-07-01 18:56:00+00:00,215.72,215.745,215.6301,215.6464,54469.0,681.0,215.692147
AAPL,2024-07-01 18:57:00+00:00,215.645,215.66,215.41,215.44,166994.0,1443.0,215.550569
AAPL,2024-07-01 18:58:00+00:00,215.4301,215.96,215.4301,215.8728,117829.0,1254.0,215.73503
AAPL,2024-07-01 18:59:00+00:00,215.89,215.92,215.695,215.75,64081.0,812.0,215.781834
AAPL,2024-07-01 19:00:00+00:00,215.74,215.81,215.64,215.66,49459.0,757.0,215.733577
AAPL,2024-07-01 19:01:00+00:00,215.66,215.67,215.56,215.6199,49919.0,817.0,215.611115
AAPL,2024-07-01 19:02:00+00:00,215.61,215.86,215.61,215.8299,93481.0,983.0,215.769125
AAPL,2024-07-01 19:03:00+00:00,215.8,215.85,215.6401,215.6901,54446.0,715.0,215.764384
AAPL,2024-07-01 19:04:00+00:00,215.69,215.88,215.69,215.85,80079.0,983.0,215.814756
AAPL,2024-07-01 19:05:00+00:00,215.84,215.92,215.77,215.8899,77110.0,816.0,215.865167
AAPL,2024-07-01 19:06:00+00:00,215.885,216.1,215.885,216.0995,128150.0,1293.0,216.002145
AAPL,2024-07-01 19:07:00+00:00,216.0921,216.15,216.0,216.15,91250.0,898.0,216.082294
AAPL,2024-07-01 19:08:00+00:00,216.16,216.185,216.11,216.15,90397.0,975.0,216.148201
AAPL,2024-07-01 19:09:00+00:00,216.16,216.18,216.075,216.125,51972.0,728.0,216.125289
AAPL,2024-07-01 19:10:00+00:00,216.125,216.15,216.03,216.11,60272.0,763.0,216.087976
AAPL,2024-07-01 19:11:00+00:00,216.15,216.16,216.075,216.08,44672.0,642.0,216.114853
AAPL,2024-07-01 19:12:00+00:00,216.0783,216.09,216.04,216.045,351103.0,714.0,216.050237
AAPL,2024-07-01 19:13:00+00:00,216.04,216.15,216.0,216.1094,73860.0,853.0,216.088173
AAPL,2024-07-01 19:14:00+00:00,216.11,216.25,216.0974,216.16,115389.0,1131.0,216.178105
AAPL,2024-07-01 19:15:00+00:00,216.1631,216.18,216.0605,216.07,55182.0,747.0,216.121425
AAPL,2024-07-01 19:16:00+00:00,216.06,216.11,216.05,216.11,55163.0,675.0,216.081548
AAPL,2024-07-01 19:17:00+00:00,216.12,216.15,215.92,215.9402,140854.0,1332.0,216.024962
AAPL,2024-07-01 19:18:00+00:00,215.94,215.94,215.73,215.745,221552.0,995.0,215.834805
AAPL,2024-07-01 19:19:00+00:00,215.745,215.81,215.65,215.78,84288.0,973.0,215.731812
AAPL,2024-07-01 19:20:00+00:00,215.76,215.83,215.57,215.61,87978.0,982.0,215.695794
AAPL,2024-07-01 19:21:00+00:00,215.61,215.64,215.51,215.56,69768.0,838.0,215.573947
AAPL,2024-07-01 19:22:00+00:00,215.565,215.71,215.5497,215.56,70057.0,828.0,215.607731
AAPL,2024-07-01 19:23:00+00:00,215.545,215.69,215.51,215.67,62218.0,770.0,215.595251
AAPL,2024-07-01 19:24:00+00:00,215.67,215.71,215.56,215.56,61409.0,794.0,215.662005
AAPL,2024-07-01 19:25:00+00:00,215.57,215.57,215.312,215.33,112595.0,1373.0,215.449786
AAPL,2024-07-01 19:26:00+00:00,215.33,215.42,215.175,215.18,112000.0,1235.0,215.322273
AAPL,2024-07-01 19:27:00+00:00,215.17,215.395,215.14,215.395,112157.0,1304.0,215.288774
AAPL,2024-07-01 19:28:00+00:00,215.39,215.5217,215.39,215.445,79449.0,1095.0,215.465132
AAPL,2024-07-01 19:29:00+00:00,215.445,215.58,215.445,215.54,58160.0,791.0,215.527415
AAPL,2024-07-01 19:30:00+00:00,215.53,215.61,215.46,215.585,92075.0,1213.0,215.548022
AAPL,2024-07-01 19:31:00+00:00,215.59,215.63,215.465,215.53,92802.0,1127.0,215.548427
AAPL,2024-07-01 19:32:00+00:00,215.53,215.68,215.53,215.61,94454.0,1034.0,215.619331
AAPL,2024-07-01 19:33:00+00:00,215.595,215.75,215.595,215.6811,77910.0,1005.0,215.673823
AAPL,2024-07-01 19:34:00+00:00,215.69,215.87,215.69,215.79,83049.0,1041.0,215.800929
AAPL,2024-07-01 19:35:00+00:00,215.79,216.01,215.79,215.94,96444.0,1105.0,215.922007
AAPL,2024-07-01 19:36:00+00:00,215.945,215.95,215.8,215.805,91758.0,933.0,215.85913
AAPL,2024-07-01 19:37:00+00:00,215.8,215.86,215.75,215.86,54470.0,728.0,215.823158
AAPL,2024-07-01 19:38:00+00:00,215.855,216.01,215.8539,215.98,84138.0,924.0,215.931777
AAPL,2024-07-01 19:39:00+00:00,215.98,216.03,215.925,216.03,82861.0,1032.0,215.96752
AAPL,2024-07-01 19:40:00+00:00,216.025,216.09,215.91,215.98,108497.0,1178.0,215.989075
AAPL,2024-07-01 19:41:00+00:00,215.96,216.05,215.96,215.9915,70380.0,878.0,216.003297
AAPL,2024-07-01 19:42:00+00:00,215.995,216.015,215.96,215.975,57717.0,773.0,215.990504
AAPL,2024-07-01 19:43:00+00:00,215.97,216.04,215.94,216.02,70987.0,901.0,215.979619
AAPL,2024-07-01 19:44:00+00:00,216.01,216.04,215.945,216.0035,75715.0,931.0,215.996744
AAPL,2024-07-01 19:45:00+00:00,216.005,216.1,215.9514,215.9514,162660.0,1433.0,216.037061
AAPL,2024-07-01 19:46:00+00:00,215.95,216.06,215.8401,216.0201,120579.0,1314.0,215.924513
AAPL,2024-07-01 19:47:00+00:00,216.035,216.18,216.0,216.1603,122509.0,1420.0,216.109819
AAPL,2024-07-01 19:48:00+00:00,216.16,216.34,216.16,216.25,161855.0,1723.0,216.2693
AAPL,2024-07-01 19:49:00+00:00,216.245,216.26,216.02,216.0699,92662.0,1412.0,216.149846
AAPL,2024-07-01 19:50:00+00:00,216.08,216.47,216.08,216.3692,195902.0,2385.0,216.301766
AAPL,2024-07-01 19:51:00+00:00,216.37,216.48,216.34,216.44,149525.0,1956.0,216.41192
AAPL,2024-07-01 19:52:00+00:00,216.4368,216.44,216.29,216.4,126717.0,1739.0,216.337381
AAPL,2024-07-01 19:53:00+00:00,216.4,216.425,216.135,216.19,172301.0,1945.0,216.238755
AAPL,2024-07-01 19:54:00+00:00,216.2,216.615,216.1795,216.5951,283281.0,3051.0,216.429662
AAPL,2024-07-01 19:55:00+00:00,216.61,217.0,216.6,216.95,457226.0,4782.0,216.828224
AAPL,2024-07-01 19:56:00+00:00,216.955,217.0,216.8018,216.86,334838.0,3143.0,216.931084
AAPL,2024-07-01 19:57:00+00:00,216.86,216.97,216.85,216.9395,337099.0,3028.0,216.914077
AAPL,2024-07-01 19:58:00+00:00,216.94,216.94,216.68,216.77,518011.0,4505.0,216.815532
AAPL,2024-07-01 19:59:00+00:00,216.775,216.85,216.57,216.73,957572.0,8070.0,216.762591
AAPL,2024-07-01 20:00:00+00:00,216.75,217.35,216.62,217.35,6543170.0,561.0,216.751388
AAPL,2024-07-01 20:01:00+00:00,217.36,217.36,216.77,217.0,39780.0,346.0,217.105027
AAPL,2024-07-01 20:02:00+00:00,216.84,216.99,216.75,216.86,138578.0,134.0,216.756835
AAPL,2024-07-01 20:03:00+00:00,216.92,216.92,216.75,216.85,502514.0,159.0,216.752516
AAPL,2024-07-01 20:04:00+00:00,216.88,217.22,216.75,216.75,15128.0,158.0,217.006624
AAPL,2024-07-01 20:05:00+00:00,217.02,217.02,216.93,216.93,8261.0,98.0,216.985752
AAPL,2024-07-01 20:06:00+00:00,216.99,216.99,216.97,216.97,1193.0,51.0,216.983333
AAPL,2024-07-01 20:07:00+00:00,216.92,216.92,216.92,216.92,1113.0,58.0,216.92
AAPL,2024-07-01 20:08:00+00:00,216.91,217.0,216.91,217.0,2092.0,53.0,216.946798
AAPL,2024-07-01 20:09:00+00:00,216.94,216.95,216.94,216.95,2449.0,44.0,216.941027
AAPL,2024-07-01 20:10:00+00:00,216.99,217.01,216.99,216.99,4215.0,95.0,216.995898
AAPL,2024-07-01 20:11:00+00:00,217.01,217.01,216.94,216.94,4265.0,57.0,216.950521
AAPL,2024-07-01 20:12:00+00:00,216.94,216.98,216.94,216.95,3008.0,54.0,216.95048
AAPL,2024-07-01 20:13:00+00:00,216.94,216.96,216.94,216.95,6927.0,49.0,216.941901
AAPL,2024-07-01 20:14:00+00:00,216.96,216.99,216.94,216.94,3171.0,64.0,216.947306
AAPL,2024-07-01 20:15:00+00:00,216.95,216.95,216.83,216.93,5340.0,77.0,216.914832
AAPL,2024-07-01 20:16:00+00:00,216.94,216.95,216.88,216.9,3661.0,52.0,216.90162
AAPL,2024-07-01 20:18:00+00:00,216.85,216.85,216.83,216.83,581.0,26.0,216.841111
AAPL,2024-07-01 20:19:00+00:00,216.88,216.94,216.88,216.94,1968.0,57.0,216.890586
AAPL,2024-07-01 20:20:00+00:00,216.9,217.0,216.75,216.92,107301.0,52.0,216.754446
AAPL,2024-07-01 20:21:00+00:00,216.92,217.0,216.84,216.84,1383.0,34.0,216.915701
AAPL,2024-07-01 20:22:00+00:00,216.97,216.97,216.97,216.97,433.0,20.0,216.97
AAPL,2024-07-01 20:23:00+00:00,216.87,216.91,216.87,216.91,1047.0,42.0,216.882953
AAPL,2024-07-01 20:24:00+00:00,216.94,217.0,216.94,216.99,2513.0,50.0,216.985766
AAPL,2024-07-01 20:25:00+00:00,216.9116,216.99,216.91,216.99,1608.0,32.0,216.927853
AAPL,2024-07-01 20:26:00+00:00,216.97,216.97,216.97,216.97,766.0,42.0,216.97
AAPL,2024-07-01 20:27:00+00:00,216.97,216.99,216.91,216.91,2267.0,69.0,216.953158
AAPL,2024-07-01 20:28:00+00:00,216.94,216.94,216.94,216.94,286.0,34.0,216.94
AAPL,2024-07-01 20:29:00+00:00,216.9201,216.9201,216.9,216.92,1152.0,44.0,216.914982
AAPL,2024-07-01 20:30:00+00:00,216.89,216.89,216.89,216.89,369.0,23.0,216.89
AAPL,2024-07-01 20:31:00+00:00,216.89,216.8908,216.89,216.89,834.0,36.0,216.890133
AAPL,2024-07-01 20:32:00+00:00,216.87,216.89,216.87,216.87,712.0,27.0,216.874
AAPL,2024-07-01 20:33:00+00:00,216.87,216.87,216.8698,216.8698,1001.0,33.0,216.869971
AAPL,2024-07-01 20:34:00+00:00,216.87,216.87,216.86,216.86,1250.0,38.0,216.86697
AAPL,2024-07-01 20:35:00+00:00,216.86,216.87,216.86,216.87,3326.0,42.0,216.864651
AAPL,2024-07-01 20:36:00+00:00,216.8603,216.87,216.83,216.83,1778.0,26.0,216.861894
AAPL,2024-07-01 20:38:00+00:00,216.87,216.99,216.87,216.99,13223.0,82.0,216.921953
AAPL,2024-07-01 20:39:00+00:00,216.9899,216.99,216.96,216.96,6419.0,41.0,216.982538
AAPL,2024-07-01 20:40:00+00:00,216.96,216.99,216.96,216.98,715.0,31.0,216.97506
AAPL,2024-07-01 20:41:00+00:00,216.98,216.98,216.95,216.95,1064.0,32.0,216.96585
AAPL,2024-07-01 20:43:00+00:00,216.97,216.98,216.97,216.98,295.0,26.0,216.974673
AAPL,2024-07-01 20:44:00+00:00,216.98,217.0,216.98,217.0,6658.0,105.0,216.998966
AAPL,2024-07-01 20:45:00+00:00,217.0183,217.0288,217.01,217.01,2088.0,29.0,217.02539
AAPL,2024-07-01 20:46:00+00:00,217.0,217.11,216.88,217.11,9824.0,152.0,217.014656
AAPL,2024-07-01 20:47:00+00:00,217.09,217.11,217.07,217.09,4907.0,66.0,217.095399
AAPL,2024-07-01 20:48:00+00:00,217.1,217.1,217.06,217.07,1122.0,46.0,217.080352
AAPL,2024-07-01 20:49:00+00:00,217.07,217.08,217.02,217.08,1254.0,48.0,217.064444
AAPL,2024-07-01 20:50:00+00:00,217.01,217.08,217.0,217.06,3916.0,75.0,217.037037
AAPL,2024-07-01 20:51:00+00:00,217.01,217.06,217.01,217.05,1025.0,51.0,217.048
AAPL,2024-07-01 20:52:00+00:00,217.08,217.08,216.94,217.02,2693.0,60.0,217.055495
AAPL,2024-07-01 20:53:00+00:00,216.95,217.07,216.92,217.05,5954.0,88.0,216.974035
AAPL,2024-07-01 20:54:00+00:00,217.02,217.0299,216.98,216.98,3010.0,47.0,217.010469
AAPL,2024-07-01 20:56:00+00:00,217.0,217.0,217.0,217.0,427.0,47.0,217.0
AAPL,2024-07-01 20:57:00+00:00,217.02,217.02,216.76,216.82,7935.0,89.0,216.864076
AAPL,2024-07-01 20:58:00+00:00,216.76,216.9,216.76,216.83,1911.0,49.0,216.845679
AAPL,2024-07-01 20:59:00+00:00,216.82,216.97,216.82,216.95,2717.0,62.0,216.903571
AAPL,2024-07-01 21:00:00+00:00,216.93,216.93,216.93,216.93,471.0,17.0,216.93
AAPL,2024-07-01 21:01:00+00:00,216.93,216.93,216.93,216.93,224.0,16.0,216.93
AAPL,2024-07-01 21:03:00+00:00,216.93,216.93,216.93,216.93,777.0,28.0,216.93
AAPL,2024-07-01 21:05:00+00:00,216.92,216.9398,216.92,216.9398,1245.0,47.0,216.9222
AAPL,2024-07-01 21:06:00+00:00,216.94,216.94,216.92,216.93,933.0,33.0,216.926025
AAPL,2024-07-01 21:07:00+00:00,216.9201,216.93,216.9201,216.93,537.0,23.0,216.927525
AAPL,2024-07-01 21:09:00+00:00,216.75,216.92,216.75,216.92,105753.0,21.0,216.750161
AAPL,2024-07-01 21:10:00+00:00,216.9151,216.9151,216.9151,216.9151,289.0,28.0,216.9151
AAPL,2024-07-01 21:12:00+00:00,216.91,216.9899,216.88,216.9899,2518.0,79.0,216.92567
AAPL,2024-07-01 21:13:00+00:00,216.92,216.92,216.92,216.92,445.0,15.0,216.92
AAPL,2024-07-01 21:14:00+00:00,216.94,216.94,216.94,216.94,344.0,15.0,216.94
AAPL,2024-07-01 21:15:00+00:00,216.96,216.96,216.96,216.96,510.0,33.0,216.96
AAPL,2024-07-01 21:16:00+00:00,217.0,217.02,217.0,217.02,2348.0,69.0,217.005371
AAPL,2024-07-01 21:17:00+00:00,217.02,217.07,217.02,217.04,904.0,44.0,217.0348
AAPL,2024-07-01 21:18:00+00:00,217.04,217.0989,216.75,217.0989,3197.0,40.0,217.044148
AAPL,2024-07-01 21:21:00+00:00,217.09,217.1,217.09,217.09,1958.0,43.0,217.091432
AAPL,2024-07-01 21:22:00+00:00,217.1,217.1,216.75,217.1,20084.0,47.0,216.761567
AAPL,2024-07-01 21:23:00+00:00,217.06,217.08,217.06,217.06,1038.0,25.0,217.066234
AAPL,2024-07-01 21:24:00+00:00,217.05,217.09,217.04,217.04,1935.0,32.0,217.057036
AAPL,2024-07-01 21:25:00+00:00,217.07,217.07,217.07,217.07,1436.0,16.0,217.07
AAPL,2024-07-01 21:26:00+00:00,217.03,217.0494,217.03,217.04,839.0,29.0,217.038402
AAPL,2024-07-01 21:27:00+00:00,217.02,217.06,217.02,217.06,1299.0,30.0,217.055951
AAPL,2024-07-01 21:28:00+00:00,217.05,217.05,217.038,217.04,736.0,20.0,217.046333
AAPL,2024-07-01 21:30:00+00:00,217.03,217.06,217.03,217.03,1525.0,33.0,217.03826
AAPL,2024-07-01 21:31:00+00:00,217.06,217.06,217.02,217.02,726.0,28.0,217.048235
AAPL,2024-07-01 21:36:00+00:00,217.07,217.07,217.07,217.07,251.0,20.0,217.07
AAPL,2024-07-01 21:38:00+00:00,217.0506,217.0506,217.05,217.05,1565.0,29.0,217.05017
AAPL,2024-07-01 21:39:00+00:00,217.02,217.02,217.0,217.02,3417.0,84.0,217.005448
AAPL,2024-07-01 21:40:00+00:00,216.93,216.93,216.9,216.93,1945.0,53.0,216.922074
AAPL,2024-07-01 21:41:00+00:00,216.96,217.07,216.96,217.07,2188.0,76.0,217.027985
AAPL,2024-07-01 21:42:00+00:00,217.02,217.02,217.02,217.02,184.0,16.0,217.02
AAPL,2024-07-01 21:44:00+00:00,217.02,217.02,217.02,217.02,148.0,17.0,217.02
AAPL,2024-07-01 21:45:00+00:00,217.0245,217.06,217.0245,217.06,345.0,12.0,217.04225
AAPL,2024-07-01 21:46:00+00:00,217.07,217.07,217.07,217.07,563.0,18.0,217.07
AAPL,2024-07-01 21:47:00+00:00,217.02,217.02,217.02,217.02,1608.0,22.0,217.02
AAPL,2024-07-01 21:49:00+00:00,217.03,217.03,217.03,217.03,254.0,23.0,217.03
AAPL,2024-07-01 21:50:00+00:00,217.01,217.01,217.01,217.01,437.0,20.0,217.01
AAPL,2024-07-01 21:51:00+00:00,217.03,217.03,217.03,217.03,377.0,24.0,217.03
AAPL,2024-07-01 21:53:00+00:00,217.07,217.07,217.07,217.07,206.0,16.0,217.07
AAPL,2024-07-01 21:54:00+00:00,217.07,217.07,217.07,217.07,1098.0,27.0,217.07
AAPL,2024-07-01 21:56:00+00:00,217.05,217.05,217.05,217.05,166.0,26.0,217.05
AAPL,2024-07-01 21:57:00+00:00,217.05,217.07,217.05,217.07,307.0,26.0,217.06
AAPL,2024-07-01 21:58:00+00:00,217.05,217.05,217.05,217.05,122.0,13.0,217.05
AAPL,2024-07-01 22:00:00+00:00,217.05,217.08,217.0329,217.08,1682.0,28.0,217.046341
AAPL,2024-07-01 22:01:00+00:00,217.08,217.08,217.08,217.08,427.0,13.0,217.08
AAPL,2024-07-01 22:02:00+00:00,217.05,217.0842,217.05,217.0842,1509.0,23.0,217.060232
AAPL,2024-07-01 22:03:00+00:00,217.08,217.08,217.08,217.08,1463.0,40.0,217.08
AAPL,2024-07-01 22:07:00+00:00,217.1,217.1,217.1,217.1,1040.0,12.0,217.1
AAPL,2024-07-01 22:08:00+00:00,217.08,217.08,217.08,217.08,318.0,23.0,217.08
AAPL,2024-07-01 22:09:00+00:00,217.05,217.05,217.05,217.05,205.0,13.0,217.05
AAPL,2024-07-01 22:10:00+00:00,217.05,217.05,217.05,217.05,636.0,19.0,217.05
AAPL,2024-07-01 22:11:00+00:00,217.0288,217.0288,217.0288,217.0288,235.0,18.0,217.0288
AAPL,2024-07-01 22:12:00+00:00,217.0048,217.03,217.0048,217.03,821.0,25.0,217.008918
AAPL,2024-07-01 22:13:00+00:00,217.02,217.02,217.0001,217.0001,1046.0,25.0,217.016658
AAPL,2024-07-01 22:15:00+00:00,217.0423,217.0423,217.0423,217.0423,119.0,10.0,217.0423
AAPL,2024-07-01 22:20:00+00:00,217.02,217.02,217.0,217.0,1048.0,24.0,217.00883
AAPL,2024-07-01 22:21:00+00:00,217.0,217.0,216.99,217.0,2173.0,38.0,216.999373
AAPL,2024-07-01 22:22:00+00:00,216.98,216.98,216.98,216.98,159.0,8.0,216.98
AAPL,2024-07-01 22:23:00+00:00,217.0,217.0,217.0,217.0,380.0,15.0,217.0
AAPL,2024-07-01 22:24:00+00:00,217.0,217.0,217.0,217.0,350.0,26.0,217.0
AAPL,2024-07-01 22:28:00+00:00,217.05,217.05,217.05,217.05,563.0,21.0,217.05
AAPL,2024-07-01 22:29:00+00:00,217.02,217.02,217.02,217.02,407.0,22.0,217.02
AAPL,2024-07-01 22:30:00+00:00,217.0,217.0,217.0,217.0,429.0,29.0,217.0
AAPL,2024-07-01 22:32:00+00:00,217.0281,217.0281,217.0281,217.0281,732.0,17.0,217.0281
AAPL,2024-07-01 22:34:00+00:00,217.0,217.0,217.0,217.0,250.0,10.0,217.0
AAPL,2024-07-01 22:36:00+00:00,216.98,217.0008,216.97,216.97,2407.0,26.0,216.975787
AAPL,2024-07-01 22:37:00+00:00,216.99,217.02,216.97,216.97,1946.0,19.0,216.990922
AAPL,2024-07-01 22:38:00+00:00,217.02,217.02,217.02,217.02,1508.0,14.0,217.02
AAPL,2024-07-01 22:39:00+00:00,216.97,217.01,216.97,217.01,1281.0,16.0,216.995974
AAPL,2024-07-01 22:41:00+00:00,217.01,217.0491,217.01,217.04,522.0,23.0,217.03705
AAPL,2024-07-01 22:42:00+00:00,217.03,217.03,217.0,217.03,1461.0,22.0,217.02735
AAPL,2024-07-01 22:43:00+00:00,216.971,216.971,216.971,216.971,3825.0,33.0,216.971
AAPL,2024-07-01 22:46:00+00:00,216.97,216.97,216.96,216.96,1276.0,40.0,216.9647
AAPL,2024-07-01 22:47:00+00:00,216.92,216.92,216.92,216.92,396.0,21.0,216.92
AAPL,2024-07-01 22:48:00+00:00,216.92,216.92,216.9,216.9,1312.0,26.0,216.915361
AAPL,2024-07-01 22:49:00+00:00,216.9,216.9,216.9,216.9,326.0,20.0,216.9
AAPL,2024-07-01 22:51:00+00:00,216.8539,216.8539,216.8539,216.8539,685.0,28.0,216.8539
AAPL,2024-07-01 22:53:00+00:00,216.86,216.86,216.85,216.85,856.0,29.0,216.852933
AAPL,2024-07-01 22:54:00+00:00,216.8891,216.8895,216.8891,216.8895,1228.0,22.0,216.889448
AAPL,2024-07-01 22:55:00+00:00,216.88,216.88,216.88,216.88,933.0,12.0,216.88
AAPL,2024-07-01 22:56:00+00:00,216.89,216.89,216.85,216.85,937.0,19.0,216.861179
AAPL,2024-07-01 22:57:00+00:00,216.85,216.85,216.85,216.85,125.0,11.0,216.85
AAPL,2024-07-01 22:58:00+00:00,216.85,216.85,216.85,216.85,760.0,41.0,216.85
AAPL,2024-07-01 22:59:00+00:00,216.81,216.81,216.8006,216.8006,1025.0,31.0,216.806792
AAPL,2024-07-01 23:02:00+00:00,216.9267,216.9267,216.8012,216.8012,1921.0,24.0,216.819067
AAPL,2024-07-01 23:05:00+00:00,216.81,216.8295,216.8004,216.8295,488.0,17.0,216.813388
AAPL,2024-07-01 23:06:00+00:00,216.83,216.83,216.83,216.83,288.0,19.0,216.83
AAPL,2024-07-01 23:09:00+00:00,216.87,216.87,216.87,216.87,240.0,16.0,216.87
AAPL,2024-07-01 23:10:00+00:00,216.87,216.89,216.87,216.89,737.0,21.0,216.877692
AAPL,2024-07-01 23:11:00+00:00,216.89,216.89,216.85,216.85,754.0,10.0,216.863944
AAPL,2024-07-01 23:12:00+00:00,216.78,216.78,216.75,216.75,2776.0,49.0,216.758299
AAPL,2024-07-01 23:13:00+00:00,216.74,216.74,216.72,216.72,1194.0,30.0,216.732624
AAPL,2024-07-01 23:14:00+00:00,216.711,216.711,216.7,216.7,3711.0,33.0,216.702398
AAPL,2024-07-01 23:15:00+00:00,216.6901,216.6901,216.6517,216.69,1178.0,24.0,216.6838
AAPL,2024-07-01 23:16:00+00:00,216.69,216.69,216.6414,216.6414,653.0,20.0,216.65112
AAPL,2024-07-01 23:17:00+00:00,216.6881,216.6881,216.6881,216.6881,151.0,12.0,216.6881
AAPL,2024-07-01 23:18:00+00:00,216.6896,216.7,216.6896,216.69,1826.0,14.0,216.69056
AAPL,2024-07-01 23:19:00+00:00,216.72,216.72,216.72,216.72,134.0,10.0,216.72
AAPL,2024-07-01 23:21:00+00:00,216.67,216.67,216.67,216.67,411.0,24.0,216.67
AAPL,2024-07-01 23:23:00+00:00,216.72,216.72,216.7001,216.7001,1740.0,22.0,216.718673
AAPL,2024-07-01 23:24:00+00:00,216.71,216.72,216.71,216.72,758.0,25.0,216.717351
AAPL,2024-07-01 23:25:00+00:00,216.71,216.75,216.71,216.75,533.0,16.0,216.732472
AAPL,2024-07-01 23:26:00+00:00,216.72,216.72,216.72,216.72,139.0,11.0,216.72
AAPL,2024-07-01 23:27:00+00:00,216.74,216.74,216.74,216.74,157.0,7.0,216.74
AAPL,2024-07-01 23:28:00+00:00,216.7401,216.75,216.74,216.74,927.0,28.0,216.743892
AAPL,2024-07-01 23:29:00+00:00,216.75,216.75,216.75,216.75,508.0,15.0,216.75
AAPL,2024-07-01 23:31:00+00:00,216.64,216.7,216.64,216.7,729.0,22.0,216.678571
AAPL,2024-07-01 23:32:00+00:00,216.65,216.65,216.61,216.61,1642.0,35.0,216.636532
AAPL,2024-07-01 23:34:00+00:00,216.61,216.61,216.61,216.61,501.0,28.0,216.61
AAPL,2024-07-01 23:35:00+00:00,216.62,216.62,216.62,216.62,419.0,12.0,216.62
AAPL,2024-07-01 23:36:00+00:00,216.6029,216.6029,216.6029,216.6029,143.0,16.0,216.6029
AAPL,2024-07-01 23:37:00+00:00,216.63,216.63,216.63,216.63,194.0,15.0,216.63
AAPL,2024-07-01 23:38:00+00:00,216.6,216.65,216.6,216.65,1084.0,32.0,216.624286
AAPL,2024-07-01 23:39:00+00:00,216.64,216.64,216.54,216.54,1488.0,39.0,216.567521
AAPL,2024-07-01 23:40:00+00:00,216.54,216.54,216.54,216.54,219.0,16.0,216.54
AAPL,2024-07-01 23:42:00+00:00,216.55,216.551,216.55,216.551,466.0,18.0,216.550323
AAPL,2024-07-01 23:43:00+00:00,216.5942,216.6,216.57,216.6,728.0,30.0,216.59115
AAPL,2024-07-01 23:44:00+00:00,216.57,216.57,216.57,216.57,248.0,18.0,216.57
AAPL,2024-07-01 23:45:00+00:00,216.65,216.65,216.56,216.57,5700.0,36.0,216.576658
AAPL,2024-07-01 23:46:00+00:00,216.64,216.64,216.6392,216.6392,1047.0,20.0,216.63992
AAPL,2024-07-01 23:47:00+00:00,216.55,216.64,216.55,216.58,5868.0,23.0,216.595719
AAPL,2024-07-01 23:49:00+00:00,216.64,216.71,216.64,216.71,638.0,18.0,216.681253
AAPL,2024-07-01 23:50:00+00:00,216.62,216.71,216.62,216.71,405.0,7.0,216.681429
AAPL,2024-07-01 23:51:00+00:00,216.71,216.71,216.66,216.66,470.0,11.0,216.674286
AAPL,2024-07-01 23:52:00+00:00,216.71,216.71,216.6999,216.6999,985.0,22.0,216.707465
AAPL,2024-07-01 23:53:00+00:00,216.69,216.69,216.69,216.69,2110.0,18.0,216.69
AAPL,2024-07-01 23:54:00+00:00,216.66,216.66,216.66,216.66,235.0,20.0,216.66
AAPL,2024-07-01 23:55:00+00:00,216.68,216.68,216.68,216.68,305.0,14.0,216.68
AAPL,2024-07-01 23:57:00+00:00,216.6,216.6,216.58,216.58,1084.0,38.0,216.596
AAPL,2024-07-01 23:59:00+00:00,216.6,216.66,216.6,216.66,1259.0,26.0,216.630667
